ID_Perusahaan,Usia_Scaled,Modal_Scaled,WinRate_Scaled,BidRatio_Scaled,Status_Aktual
0,-1.1353257,-0.20354518,0.024435775,-0.7751318,Jujur
1,-0.014846351,-0.045939393,-0.9154236,-0.6360454,Jujur
2,-0.575086,-0.18700565,-0.6335884,0.6915408,Jujur
3,-0.85520583,-0.05815573,-0.83624834,-1.3321284,Jujur
4,-0.014846351,0.4051392,-0.6102344,-1.1653489,Jujur
5,0.8255132,-0.19900411,-1.0246395,1.3693627,Jujur
6,-0.575086,0.021083258,-0.37975296,-0.51387113,Jujur
7,-1.1353257,-0.20307428,2.4288561,0.59817713,Kartel
8,0.8255132,0.14755625,1.8858024,0.6526054,Kartel
9,1.6658727,-0.19301498,1.8656427,0.96266156,Kartel
10,-1.6955653,-0.19866487,2.2773206,2.247142,Kartel
11,0.26527348,-0.19301617,-0.91712964,-0.87097716,Jujur
12,2.2261124,-0.15294726,0.01802532,-0.2029479,Jujur
13,-0.575086,-0.1945568,-0.44688877,0.4446125,Jujur
14,-0.014846351,-0.14280713,-0.1789201,-0.38986355,Jujur
15,-1.1353257,-0.19643338,-0.1028488,-0.1481668,Jujur
16,-1.1353257,-0.20275368,-0.88626665,0.3583557,Jujur
17,-0.2949662,-0.20884247,-0.5006899,0.14960313,Jujur
18,-0.85520583,-0.17577492,0.3002065,-0.82364887,Jujur
19,-0.014846351,-0.20137638,-0.108708136,-0.5170803,Jujur
20,0.26527348,-0.20964882,-0.22589923,-0.51682174,Jujur
21,-0.575086,-0.15798634,-1.0384804,0.28623074,Jujur
22,-1.1353257,-0.17175627,1.3106763,2.5103705,Kartel
23,0.26527348,-0.20678857,2.5046027,2.3783808,Kartel
24,0.8255132,18.108086,1.968394,1.0149844,Kartel
25,0.26527348,-0.06815896,-0.8224751,-0.70974714,Jujur
26,-2.535925,-0.1365806,-0.5141785,-0.5821591,Jujur
27,-0.2949662,-0.2041332,-0.12851144,-0.82584155,Jujur
28,-0.575086,-0.17577851,1.4351392,-0.72996885,Jujur
29,-0.014846351,-0.19583398,-0.63949585,0.14606121,Jujur
30,-0.2949662,-0.15944034,-0.060578015,-1.0875653,Jujur
31,-0.014846351,-0.19946383,1.4027824,2.6108773,Kartel
32,0.26527348,-0.20384823,-0.4497574,-0.31287864,Jujur
33,-0.85520583,-0.19303887,0.08004253,-0.7847938,Jujur
34,-1.1353257,-0.19695717,-0.76100314,-0.5957604,Jujur
35,-0.575086,-0.2083383,-0.27194986,-0.46735802,Jujur
36,-0.85520583,-0.11827668,1.3792732,2.7845848,Kartel
37,-0.575086,-0.20004575,0.62579006,0.28400084,Jujur
38,0.26527348,-0.20934565,-0.7454755,-1.011221,Jujur
39,-0.014846351,-0.16905247,-0.92686856,-0.038711637,Jujur
40,-0.85520583,-0.172675,-0.67220056,-0.6256808,Jujur
41,-0.2949662,-0.099021494,-0.2496929,-0.6092703,Jujur
42,0.26527348,-0.19116679,-0.5982805,0.5210887,Jujur
43,-0.575086,-0.19304092,-1.0394208,-1.1245074,Jujur
44,-0.2949662,0.16468647,-0.82269865,-0.090153135,Jujur
45,0.54539335,-0.16857874,-0.81650996,0.3379584,Jujur
46,1.105633,0.39070833,-0.7427894,-1.0121229,Jujur
47,-0.014846351,-0.209524,-0.4871032,-0.48477033,Jujur
48,1.3857528,1.1157159,0.9784961,2.1061606,Kartel
49,1.105633,-0.18177639,-0.62838763,-1.1448785,Jujur
50,0.26527348,-0.20169494,-0.09136421,-0.4246344,Jujur
51,-0.85520583,-0.2037085,-0.493842,-1.0618027,Jujur
52,0.26527348,-0.11418771,0.3168288,-0.64162904,Jujur
53,-0.85520583,-0.11474538,-0.62140906,-0.7795217,Jujur
54,-0.2949662,-0.19932705,1.4450179,1.3035187,Jujur
55,0.54539335,-0.20922418,1.0700182,-0.6768944,Jujur
56,0.8255132,-0.17502168,2.3958522e-05,-0.1763676,Jujur
57,0.54539335,-0.18831459,0.5180173,-0.38097215,Jujur
58,-1.1353257,-0.18949476,-0.92503834,-0.8573087,Jujur
59,-1.1353257,-0.18245818,0.704828,2.255077,Kartel
60,-0.575086,-0.18031324,-0.47213054,-0.3450337,Jujur
61,-0.85520583,-0.12382258,0.3139432,-0.10630194,Jujur
62,0.8255132,-0.20430252,-0.6066911,-0.5939773,Jujur
63,-1.1353257,-0.20249818,2.0209951,2.8630874,Kartel
64,1.6658727,-0.20828068,-0.69840705,-1.2660589,Jujur
65,1.3857528,-0.18887947,-0.1537254,-0.49812832,Jujur
66,-0.575086,-0.20539543,-0.43775827,0.45736805,Jujur
67,-1.4154456,-0.18110637,-0.66526246,-0.1894834,Jujur
68,1.105633,-0.17890753,-0.2859299,-0.46450523,Jujur
69,0.54539335,0.121494114,-0.10761442,0.36543655,Jujur
70,-0.014846351,-0.1946811,2.1654623,0.66341347,Kartel
71,-0.014846351,-0.20169687,0.54141474,-0.5156392,Jujur
72,-1.6955653,0.11641354,-0.80646294,-0.08123213,Jujur
73,-0.014846351,-0.12822899,-0.598118,-1.2461095,Jujur
74,-0.85520583,0.07824697,-0.03362797,0.08963733,Jujur
75,-0.014846351,-0.20893395,-0.9851826,-0.92438835,Jujur
76,-2.255805,-0.18077871,-0.6857088,0.10334304,Jujur
77,-1.1353257,0.35719392,-0.13800563,0.16911109,Jujur
78,-1.4154456,0.041690603,-0.3495363,-0.34536088,Jujur
79,0.26527348,-0.19899084,1.3518813,2.2576082,Kartel
80,-0.2949662,-0.20584123,-0.12640631,0.35464963,Jujur
81,-0.014846351,-0.20908347,-0.15170641,0.9881225,Jujur
82,1.6658727,3.4968169,1.4873744,1.8336085,Kartel
83,0.26527348,-0.20591392,2.903673,2.3971746,Kartel
84,-0.014846351,-0.16480234,-0.7999096,0.27600977,Jujur
85,-1.4154456,0.13751812,-0.14995532,-0.73527837,Jujur
86,0.54539335,0.12649193,-0.755643,0.60642207,Jujur
87,-0.014846351,-0.2075438,-0.80682755,0.6464321,Jujur
88,-0.575086,-0.20920533,2.452478,2.6951654,Kartel
89,1.9459925,-0.12295265,-0.14934392,-0.7445133,Jujur
90,-0.2949662,0.06002553,-0.46154234,-1.3577644,Jujur
91,0.54539335,-0.20193706,0.40796974,-1.1889396,Jujur
92,0.8255132,-0.20421143,-1.0779767,0.8462593,Jujur
93,0.26527348,-0.20833436,-0.570393,-1.0834327,Jujur
94,-1.1353257,0.0052745403,-0.54762447,-0.49316376,Jujur
95,0.54539335,-0.08951764,-0.7008016,-1.0455817,Jujur
96,0.54539335,-0.19753993,1.9296889,1.9200938,Kartel
97,1.105633,-0.20873833,-1.0305583,-0.81715417,Jujur
98,-0.575086,-0.20209053,-0.972287,-0.5529646,Jujur
99,0.8255132,-0.12705408,1.13533,-0.43756548,Jujur
100,-0.85520583,-0.14578551,-0.716295,-1.2645739,Jujur
101,1.3857528,-0.20296878,2.2037644,2.3786802,Kartel
102,-1.4154456,-0.20057848,-0.90237784,-0.625407,Jujur
103,-1.6955653,-0.19229938,-0.5932436,-0.7484946,Jujur
104,-0.014846351,-0.10262233,-0.55472285,1.109339,Jujur
105,0.54539335,-0.13793972,-0.29138938,-1.1625917,Jujur
106,0.8255132,-0.109742716,-0.41556865,-0.6881988,Jujur
107,-1.4154456,0.015752308,-0.3938209,-0.48749954,Jujur
108,2.5062323,-0.19853015,0.39514512,0.3700514,Jujur
109,1.3857528,0.032832325,-0.29307094,-0.83331174,Jujur
110,1.105633,-0.19711256,-0.10998781,-0.18156248,Jujur
111,0.54539335,-0.20214541,0.04206104,-1.108783,Jujur
112,-0.2949662,-0.1144123,1.9885608,2.1025412,Kartel
113,-0.014846351,-0.19993052,-0.33371124,-0.77301615,Jujur
114,-0.85520583,-0.12355978,2.7638521,0.6218721,Kartel
115,1.3857528,0.49055225,-0.618276,-0.12691441,Jujur
116,1.6658727,-0.17508383,0.115443215,-1.0452073,Jujur
117,0.8255132,-0.20917092,-0.35748354,-1.1429163,Jujur
118,1.9459925,-0.18265869,-0.5147972,-0.5597667,Jujur
119,-0.014846351,-0.20345147,0.43697774,-0.75120384,Jujur
120,1.9459925,-0.18447717,-0.8567527,-1.2230985,Jujur
121,0.26527348,-0.14854556,0.7165593,1.4648198,Kartel
122,-1.6955653,-0.15877275,0.52621835,-0.059587516,Jujur
123,0.54539335,-0.11276268,-0.7611654,-0.47514257,Jujur
124,-0.2949662,-0.18889612,-0.61378336,0.43450183,Jujur
125,-0.2949662,-0.14293161,-0.5998022,-1.0920959,Jujur
126,-1.1353257,-0.20101114,-0.109689705,-0.92896324,Jujur
127,-0.575086,-0.16225784,-0.3300264,-0.33254066,Jujur
128,-0.014846351,-0.14137086,-0.71494585,-0.97428256,Jujur
129,0.26527348,0.25911614,-0.7941735,-0.054524858,Jujur
130,-1.9756852,-0.20923291,0.7870264,0.03990969,Jujur
131,0.54539335,-0.19874288,-0.4138889,-0.23876277,Jujur
132,1.6658727,-0.1828189,2.1416762,2.5536473,Kartel
133,-1.4154456,0.30484873,3.2564485,2.2755487,Kartel
134,0.26527348,-0.20246728,-0.6382462,-0.4986215,Jujur
135,1.3857528,-0.19085889,2.6198294,1.7426772,Kartel
136,0.26527348,-0.07500663,2.2881556,2.3231409,Kartel
137,1.6658727,-0.054808445,-0.64360076,-0.76118714,Jujur
138,-1.1353257,-0.20682025,-0.21259765,-0.554611,Jujur
139,0.26527348,-0.1976361,0.2880203,0.16472945,Jujur
140,-1.4154456,-0.20052508,0.45705345,-0.19512069,Jujur
141,-0.2949662,-0.17107117,-0.8543191,0.4327891,Jujur
142,-1.6955653,-0.026644198,-0.95016533,0.14266299,Jujur
143,-0.85520583,-0.1456382,-0.3717402,-0.5556835,Jujur
144,1.3857528,-0.18981673,0.4983701,-0.1460298,Jujur
145,0.26527348,-0.20478259,-0.7796043,0.6805829,Jujur
146,-1.4154456,10.636399,-0.38455856,-0.58537483,Jujur
147,0.26527348,-0.08001322,0.0027647896,0.24319375,Jujur
148,-0.2949662,0.9853204,-0.3365955,0.43108916,Jujur
149,1.105633,-0.09900164,2.0047414,2.2445633,Kartel
150,1.105633,-0.20823036,0.31772694,-0.3184838,Jujur
151,-1.1353257,-0.036062825,-0.8176751,-0.34609288,Jujur
152,-0.575086,-0.19874181,1.6371727,1.36872,Kartel
153,0.26527348,-0.19139804,2.2270324,2.7251108,Kartel
154,-0.014846351,0.8714866,-0.74012506,0.0862378,Jujur
155,-0.014846351,-0.102531634,-0.039863292,0.8873461,Jujur
156,-0.85520583,0.24855818,0.32171825,-1.1505361,Jujur
157,-0.2949662,-0.20252502,-0.25795716,-0.8725852,Jujur
158,-0.575086,-0.17685021,-0.0922447,0.32929277,Jujur
159,-0.014846351,0.11891771,-0.108301155,1.3152494,Jujur
160,2.2261124,-0.16615991,-0.84600574,0.63166004,Jujur
161,1.3857528,-0.2000148,-0.9841581,-0.115476355,Jujur
162,-1.1353257,-0.20490925,-1.0560238,-0.1587199,Jujur
163,-1.1353257,-0.19243519,-0.48751968,-0.7354974,Jujur
164,1.105633,-0.20656626,-0.52780545,-0.5071539,Jujur
165,1.3857528,-0.13730106,-0.08785368,0.050060477,Jujur
166,-0.575086,-0.20570642,-0.4843276,-0.18868393,Jujur
167,-0.2949662,-0.17762175,-0.7324153,-0.22886692,Jujur
168,0.54539335,-0.20033562,0.105817236,0.072490185,Jujur
169,0.26527348,-0.103475176,-0.7001195,-0.15355591,Jujur
170,-0.575086,-0.19943519,-0.50090677,0.5246579,Jujur
171,0.8255132,-0.20096289,2.2909865,1.9610991,Kartel
172,0.26527348,-0.18092693,0.29829043,0.10136439,Jujur
173,-0.2949662,-0.085350476,0.21588267,-0.2125406,Jujur
174,-0.575086,-0.1842156,-0.63721776,-0.2407261,Jujur
175,-0.014846351,-0.18637155,0.6086523,-0.46405128,Jujur
176,-0.2949662,-0.19530402,-0.8766176,-0.6736363,Jujur
177,0.54539335,-0.17449914,-0.67576975,-0.45470127,Jujur
178,0.54539335,-0.20941068,-0.74348557,-0.35962802,Jujur
179,-1.4154456,-0.20901358,-0.6902545,-0.09086426,Jujur
180,-1.6955653,-0.1655082,1.0441784,1.9606909,Kartel
181,0.8255132,-0.20771176,-0.8135743,-1.0082914,Jujur
182,-1.1353257,-0.20829242,0.17308079,0.88555133,Jujur
183,0.54539335,-0.17054048,-0.11180763,-1.0239432,Jujur
184,1.105633,-0.07430026,-0.8702769,0.36026827,Jujur
185,-1.1353257,-0.20506784,-0.5481877,-0.2666307,Jujur
186,0.26527348,-0.19515458,-0.40662196,-0.99181825,Jujur
187,0.54539335,-0.19358082,-0.14097099,-0.5277368,Jujur
188,1.105633,-0.2061026,-0.8808487,-0.042022344,Jujur
189,1.105633,-0.19115885,1.4479114,2.4465759,Kartel
190,-0.575086,0.25870588,0.9644885,-0.6211036,Jujur
191,-0.85520583,-0.12109667,-0.007931779,0.9396694,Jujur
192,0.54539335,-0.2067974,-0.61696863,0.3765098,Jujur
193,1.3857528,0.1597649,-0.7639753,0.5184038,Jujur
194,1.105633,-0.20153551,-0.8166136,-1.2677715,Jujur
195,0.54539335,-0.20868714,-0.30737275,-0.49192485,Jujur
196,-0.2949662,-0.20950176,-0.5232475,0.28324556,Jujur
197,1.6658727,-0.20000575,2.3285673,1.1246991,Kartel
198,-0.85520583,-0.094683155,0.093261905,-0.62180287,Jujur
199,-0.85520583,-0.1792047,0.07816266,-0.7569939,Jujur
200,0.54539335,-0.19424686,1.3931577,-0.07136352,Jujur
201,-1.6955653,-0.19748934,0.1992097,-0.4156124,Jujur
202,-0.85520583,-0.20969811,0.21430176,-0.4839989,Jujur
203,-1.1353257,-0.18755357,-0.7695968,-0.500401,Jujur
204,-0.85520583,-0.2032488,-0.5165162,0.23333836,Jujur
205,1.9459925,-0.18472464,0.14265832,-0.57894737,Jujur
206,0.8255132,-0.12617934,0.29185936,-0.52127665,Jujur
207,-1.9756852,-0.19279604,-0.34729505,-0.56248176,Jujur
208,2.5062323,-0.13815174,0.25297764,-0.89260757,Jujur
209,-1.4154456,-0.20863956,-0.5510211,0.17940557,Jujur
210,-0.85520583,-0.2085138,-0.819764,-0.5976323,Jujur
211,-1.4154456,-0.20595042,-0.9437016,-0.35192415,Jujur
212,-0.575086,-0.086273976,-0.42205808,-0.48281088,Jujur
213,2.5062323,-0.15075417,-0.39660358,-0.50861406,Jujur
214,0.26527348,0.7491334,-0.80366796,-0.7239251,Jujur
215,0.54539335,-0.20964557,-1.0688288,-1.1942905,Jujur
216,-0.2949662,-0.18213184,-0.66079307,-0.4412989,Jujur
217,-0.014846351,-0.20611636,2.5566483,1.6612563,Kartel
218,-1.4154456,-0.18548271,-0.6991324,-0.53239137,Jujur
219,-1.1353257,10.405058,2.1972277,1.9000535,Kartel
220,-0.014846351,-0.20932423,-0.1346211,-0.91516787,Jujur
221,1.6658727,-0.19072433,-0.5622238,0.31582773,Jujur
222,0.8255132,-0.17483057,1.0847875,2.5494733,Kartel
223,1.105633,-0.18526526,-0.4017169,0.7084867,Jujur
224,-0.2949662,-0.17867944,-0.008999279,0.5814577,Jujur
225,0.26527348,-0.12093095,-0.5292533,-0.29584545,Jujur
226,0.54539335,1.6456796,0.22552276,-1.3372332,Jujur
227,-0.85520583,-0.20335828,-0.23171665,0.17647234,Jujur
228,0.26527348,-0.20502123,-0.58905095,-1.0349816,Jujur
229,1.105633,2.2673342,2.7089844,2.2928112,Kartel
230,-1.1353257,-0.14018793,-0.4680768,0.36459938,Jujur
231,-0.575086,-0.17572218,-0.8291026,-1.0351659,Jujur
232,-0.2949662,-0.10939965,-0.7525779,-0.7291179,Jujur
233,0.26527348,-0.20823106,-0.8686742,0.05874984,Jujur
234,0.26527348,-0.20010588,-0.83760166,-0.42074206,Jujur
235,-0.575086,-0.19911516,0.69759595,-0.88886064,Jujur
236,0.54539335,-0.047946908,0.03186719,-0.8640871,Jujur
237,0.8255132,-0.14460903,0.6972652,0.1606637,Jujur
238,0.26527348,-0.19872363,0.14732544,-1.3863744,Jujur
239,-0.2949662,-0.20788468,0.4034751,-0.6357162,Jujur
240,-1.4154456,-0.20844562,2.9301457,2.3574378,Kartel
241,4.186951,-0.18619639,-0.1705217,0.37443286,Jujur
242,-0.2949662,-0.029576473,2.62455,1.5826092,Kartel
243,-0.2949662,0.1059071,-0.47844398,0.15339428,Jujur
244,1.6658727,-0.012164794,0.25838456,0.3963921,Jujur
245,0.8255132,-0.07469083,-0.18038121,-0.6663901,Jujur
246,0.8255132,-0.03898241,1.2274004,-0.97477394,Jujur
247,-1.4154456,-0.17787331,2.7707586,2.4328756,Kartel
248,-0.85520583,0.19010235,-0.69431394,0.028497137,Jujur
249,2.5062323,0.16163377,-0.9532991,-1.3962036,Jujur
250,0.54539335,-0.1987486,-0.58641607,-1.1487634,Jujur
251,0.54539335,-0.19681107,-1.041433,-1.1297737,Jujur
252,-1.4154456,-0.183945,0.08324543,0.49221566,Jujur
253,-1.6955653,0.039944004,-0.2913527,-0.57594675,Jujur
254,-1.4154456,-0.17794178,0.15597919,0.052808426,Jujur
255,0.54539335,0.16907273,0.7208288,0.32117912,Jujur
256,-0.2949662,-0.19802895,-0.6249255,-0.6460257,Jujur
257,-1.1353257,-0.18897752,-0.7123075,-0.88846767,Jujur
258,-0.575086,-0.2070866,-0.2965691,0.4540481,Jujur
259,-0.2949662,8.990439,-0.3216216,0.05831247,Jujur
260,-0.2949662,-0.20908332,-0.630279,-0.5945656,Jujur
261,1.3857528,-0.19671816,0.6261661,1.9476701,Kartel
262,0.8255132,-0.18628517,1.1855172,1.8100936,Kartel
263,0.26527348,-0.20941651,-0.1504365,-0.69289863,Jujur
264,0.54539335,0.25315157,-0.6614296,0.23304698,Jujur
265,-0.014846351,-0.20929213,-0.41494843,0.035762254,Jujur
266,0.8255132,-0.11772746,-0.4112664,0.60277337,Jujur
267,-0.85520583,-0.093610935,-0.5445322,-0.30346668,Jujur
268,0.8255132,-0.20485312,0.058398686,-0.25841373,Jujur
269,1.6658727,-0.19664536,-0.21706107,-0.4615438,Jujur
270,0.8255132,-0.20648094,-0.94284964,0.052129436,Jujur
271,-0.85520583,-0.2053447,-0.44964653,-0.95648164,Jujur
272,-0.575086,-0.15919223,-0.58895904,-0.28630376,Jujur
273,-0.575086,-0.20771015,2.3919022,0.3859368,Kartel
274,-0.2949662,-0.19828308,2.3974228,2.264751,Kartel
275,0.26527348,-0.15299396,-0.23604767,-0.10222182,Jujur
276,-0.85520583,-0.20897982,-0.30337596,-0.6576648,Jujur
277,-0.2949662,-0.19460027,-0.8311681,-0.07048611,Jujur
278,-1.4154456,-0.20512472,-1.0090972,0.126258,Jujur
279,0.54539335,0.24055597,-0.34392902,-0.25727525,Jujur
280,-0.85520583,-0.20696564,-0.65652454,-1.2623982,Jujur
281,-0.575086,0.35277474,-0.7050799,-0.2858174,Jujur
282,-0.014846351,-0.20438465,2.1879778,2.023709,Kartel
283,-1.6955653,-0.20437129,-0.49966592,-0.611839,Jujur
284,1.6658727,-0.20726874,-0.17370205,-0.5131295,Jujur
285,0.54539335,0.05905455,-0.55676204,-0.17987305,Jujur
286,-0.014846351,-0.2024162,-0.67865145,-0.15506242,Jujur
287,0.26527348,-0.20419127,-0.8157235,-0.7522588,Jujur
288,1.6658727,-0.19993387,0.026071606,-0.075485505,Jujur
289,-1.4154456,-0.13257533,1.7924901,2.7879262,Kartel
290,-0.575086,-0.20585914,1.3015476,1.5145326,Kartel
291,0.8255132,-0.20928134,0.34925926,0.4007388,Jujur
292,-0.014846351,-0.20692778,-0.3001308,-0.3165859,Jujur
293,-0.2949662,-0.15834245,-0.8045715,-0.66226846,Jujur
294,-1.6955653,0.2532613,-0.71760315,-0.80759233,Jujur
295,-0.014846351,-0.20667307,-0.8114811,1.1534337,Jujur
296,-0.85520583,-0.20495613,-0.35198438,-0.7116756,Jujur
297,-0.85520583,-0.2047648,-0.28827107,-0.71057713,Jujur
298,0.8255132,-0.15469523,-0.8509384,0.33755064,Jujur
299,-1.4154456,-0.20923938,-0.6659597,0.25106752,Jujur
300,0.54539335,-0.20497736,1.6505489,2.5702157,Kartel
301,1.105633,-0.19420521,2.1580606,1.6540496,Kartel
302,0.26527348,-0.20806232,-0.62921435,-0.3973714,Jujur
303,-0.85520583,-0.20919925,-0.058011457,-1.1219282,Jujur
304,-0.575086,-0.20800604,0.18125631,-0.42232803,Jujur
305,-0.85520583,-0.20322642,-0.6730725,-0.6478412,Jujur
306,-0.575086,0.035866648,-0.8425305,-0.9436637,Jujur
307,0.26527348,-0.20397504,2.0254152,2.601518,Kartel
308,-0.85520583,-0.1991301,0.22763959,-0.30558842,Jujur
309,1.105633,-0.20850873,-0.7705131,-1.1298755,Jujur
310,-0.85520583,-0.18189579,1.5805136,-1.2604986,Jujur
311,-0.575086,-0.18959053,1.8986995,2.390544,Kartel
312,-1.1353257,-0.20425235,0.08411546,-0.26510847,Jujur
313,-0.2949662,0.38658875,2.4584243,2.3496528,Kartel
314,-1.6955653,-0.19924848,-0.8023815,-0.91579527,Jujur
315,-0.575086,-0.1951097,-0.77413154,0.5487926,Jujur
316,-1.1353257,-0.022800056,0.1666602,-1.0740852,Jujur
317,0.8255132,0.18403941,-0.7820303,-0.9697019,Jujur
318,-0.014846351,-0.19085194,-0.3945892,-1.3343225,Jujur
319,2.2261124,-0.17357351,0.04005098,-0.66046995,Jujur
320,0.26527348,-0.2086129,0.44538078,0.22574547,Jujur
321,0.26527348,-0.19583802,-0.695018,-0.97507846,Jujur
322,-0.85520583,0.7743587,-0.8801974,-0.7124922,Jujur
323,-0.575086,-0.20627177,-0.7678118,0.51341254,Jujur
324,-0.2949662,0.17561068,-0.47241262,0.6091997,Jujur
325,1.3857528,0.40105566,-0.50741893,-0.4363549,Jujur
326,-0.85520583,0.014199664,-1.0471175,-0.19071668,Jujur
327,-0.575086,-0.12141199,0.30779454,-0.33323324,Jujur
328,-0.85520583,-0.17064767,2.2532468,1.3741269,Kartel
329,0.8255132,0.27516153,-0.3447073,-0.8335387,Jujur
330,-1.6955653,-0.2041357,0.36079204,-0.49912733,Jujur
331,-0.575086,-0.16721997,0.729791,2.440114,Kartel
332,1.3857528,-0.20857885,-0.48541394,-0.1788063,Jujur
333,-0.2949662,-0.20900598,-0.89546394,0.30346617,Jujur
334,1.3857528,-0.15134703,0.7271196,-0.862729,Jujur
335,-0.014846351,-0.16643864,-0.43124837,0.34154192,Jujur
336,1.105633,-0.20787439,-0.36290532,0.25599626,Jujur
337,0.54539335,-0.18627492,0.074946165,-0.5457544,Jujur
338,0.26527348,-0.20960099,0.112087116,-0.4195228,Jujur
339,-0.85520583,0.037285145,-0.6412046,0.5472624,Jujur
340,1.3857528,-0.11939749,1.6539721,2.095778,Kartel
341,-0.575086,-0.13038062,-0.31229624,-0.6095441,Jujur
342,-1.1353257,-0.20541385,-0.9761472,-0.7557795,Jujur
343,-0.85520583,-0.20918962,-0.5125848,-1.2403388,Jujur
344,-0.014846351,-0.13405886,-0.6719974,-1.3776963,Jujur
345,-0.575086,-0.065366775,0.116638415,-0.6111162,Jujur
346,-1.1353257,0.2905179,-0.60983837,-1.073708,Jujur
347,0.8255132,-0.18683437,-0.14005378,-0.5684827,Jujur
348,-1.1353257,0.18631065,-0.5738304,0.019013185,Jujur
349,-0.014846351,-0.15827292,-0.24860683,-1.2403488,Jujur
350,-1.9756852,-0.16823006,-0.794927,-0.24603613,Jujur
351,-0.014846351,0.2728318,-1.009975,-0.81685793,Jujur
352,-1.1353257,-0.15458275,-0.6737666,-0.14540255,Jujur
353,-0.014846351,11.994557,-0.89158416,-0.24209286,Jujur
354,-0.2949662,-0.2074368,2.9619637,1.6672277,Kartel
355,0.54539335,-0.20685592,-0.24553034,-0.44193769,Jujur
356,-1.1353257,-0.17328233,-0.2873596,0.50870997,Jujur
357,0.8255132,0.32971445,-0.94301987,-0.93777525,Jujur
358,0.54539335,-0.20674601,-0.21391301,-0.40324712,Jujur
359,0.26527348,0.16386391,-0.7837912,-1.1863908,Jujur
360,0.8255132,-0.1988519,-0.092301846,-0.6272292,Jujur
361,1.9459925,0.48665687,-0.95919776,-0.54171616,Jujur
362,-1.1353257,-0.15932377,-1.0002632,-1.1558957,Jujur
363,0.8255132,-0.023973186,0.9968879,0.2343257,Jujur
364,-1.4154456,-0.20553257,-0.31470528,-0.40526944,Jujur
365,-0.575086,-0.20502026,-0.5405614,-0.3534579,Jujur
366,1.105633,-0.11483923,-0.09071344,-0.7022251,Jujur
367,-0.2949662,-0.16250609,-1.0712339,-0.9201259,Jujur
368,1.6658727,-0.16468868,0.37836,-0.050128214,Jujur
369,0.54539335,-0.209032,0.0009863192,-0.8455361,Jujur
370,0.26527348,0.1782075,-0.3986502,0.51249427,Jujur
371,-0.85520583,-0.08086351,-0.2203308,0.4600599,Jujur
372,-1.4154456,-0.18233387,0.3009435,-1.0126969,Jujur
373,0.54539335,-0.12071463,-0.40224215,-0.585089,Jujur
374,-0.014846351,-0.17244947,-0.022725618,0.05092728,Jujur
375,-0.575086,-0.19787763,-0.5631489,0.50428075,Jujur
376,-0.014846351,0.10632412,-0.30451265,-0.5932589,Jujur
377,1.6658727,-0.19862455,3.1636527,1.5147485,Kartel
378,0.8255132,0.54696083,-0.23753309,-0.20706692,Jujur
379,-1.4154456,-0.20775527,0.89325106,2.635142,Kartel
380,-0.014846351,-0.19376333,-0.43055955,-0.55891824,Jujur
381,-0.014846351,-0.09804721,0.30555466,0.67539227,Jujur
382,-0.575086,-0.19297144,-0.53703517,0.19340472,Jujur
383,0.26527348,-0.19487798,-0.6640694,-1.1703157,Jujur
384,0.26527348,-0.1795302,-0.69241965,-0.03835785,Jujur
385,0.54539335,-0.16021861,-0.49823067,-0.37351206,Jujur
386,-1.4154456,-0.18599226,-0.46006024,0.37869826,Jujur
387,0.26527348,-0.075179614,0.03915293,0.46734592,Jujur
388,1.3857528,0.41321182,-0.88223666,-0.6018295,Jujur
389,2.5062323,-0.20956151,-0.4451771,0.03504743,Jujur
390,-0.2949662,0.2868795,-0.6974199,0.50121325,Jujur
391,0.26527348,-0.20512468,-0.21484375,-1.1025635,Jujur
392,0.54539335,-0.19648767,-0.8723371,-0.6226376,Jujur
393,0.8255132,-0.14552641,-0.73184127,-0.1175995,Jujur
394,1.3857528,-0.20182337,0.5813348,1.8026028,Kartel
395,-0.014846351,-0.20134677,-1.0377614,-0.93763226,Jujur
396,1.6658727,0.030510176,-0.15731053,-0.87359035,Jujur
397,0.54539335,-0.1579565,-0.4153277,-0.5610019,Jujur
398,1.3857528,-0.20355567,0.95873356,0.4768738,Jujur
399,-0.014846351,-0.2086315,-0.7243608,-0.95516324,Jujur
400,-0.014846351,-0.15811032,-1.0106623,-1.1726282,Jujur
401,0.8255132,-0.14738481,-0.008722861,-0.4753243,Jujur
402,-0.575086,-0.18837743,-0.7083994,-0.2609548,Jujur
403,0.26527348,-0.14404544,1.9347808,2.513606,Kartel
404,-1.1353257,-0.19748782,2.6919763,2.4598737,Kartel
405,-0.014846351,-0.10781403,-0.7450287,-0.7171223,Jujur
406,-0.575086,-0.20852453,-0.83575845,-0.3559632,Jujur
407,-0.014846351,-0.14202116,1.603172,2.2534113,Kartel
408,-0.85520583,-0.19415237,-0.7943269,0.8338953,Jujur
409,0.8255132,-0.07726881,2.6401145,2.5304265,Kartel
410,-0.575086,-0.061102316,0.006077401,-0.16740769,Jujur
411,1.9459925,-0.18870865,-0.5122559,0.80368876,Jujur
412,-2.255805,-0.20078611,-0.35546407,-0.56711286,Jujur
413,0.54539335,-0.20672189,-0.24647361,-0.51140016,Jujur
414,0.54539335,-0.19999625,-0.96972054,-0.7034036,Jujur
415,1.105633,-0.19934404,-0.52689755,-0.37797004,Jujur
416,0.8255132,-0.20271619,2.0560968,0.7422706,Kartel
417,-0.85520583,-0.18277608,-0.10656646,0.8367382,Jujur
418,0.54539335,-0.17089187,-0.57543147,-0.19401619,Jujur
419,-0.2949662,-0.20382594,-0.6019155,-0.63810605,Jujur
420,1.6658727,-0.1681559,-0.5777175,-0.07484101,Jujur
421,-0.2949662,-0.20869465,-0.8830583,-1.0894228,Jujur
422,-0.2949662,-0.20805602,-0.40241554,-0.941965,Jujur
423,-0.575086,-0.19051364,0.59795195,-1.4291127,Jujur
424,-0.575086,-0.20137718,-0.79219913,-0.26781815,Jujur
425,2.2261124,-0.20224763,-0.95917606,-0.44161114,Jujur
426,-2.255805,-0.18129005,-0.61170584,-0.58064103,Jujur
427,0.8255132,0.06961737,0.031609066,-0.8577843,Jujur
428,0.26527348,4.6330543,-0.37711862,-1.262847,Jujur
429,-0.2949662,-0.20051399,-0.31945363,0.17151397,Jujur
430,-0.014846351,-0.19640578,-0.5569039,0.2469772,Jujur
431,1.3857528,-0.16081098,-0.8707971,0.30459648,Jujur
432,0.8255132,-0.19647244,-0.09288758,0.09779746,Jujur
433,0.26527348,-0.20649417,-0.3651285,0.46913657,Jujur
434,1.6658727,-0.20309946,-1.0914377,-0.033261232,Jujur
435,-0.575086,-0.067055374,2.3508098,2.1865873,Kartel
436,0.26527348,-0.19597168,-0.992566,-0.5370246,Jujur
437,1.105633,-0.17089546,-0.62137455,-0.8135048,Jujur
438,-0.575086,-0.20441487,-0.67177814,-0.98567545,Jujur
439,1.105633,-0.19194336,-1.0214242,0.8637361,Jujur
440,-0.2949662,-0.18950014,0.3031076,-0.9789042,Jujur
441,1.9459925,0.10727757,-0.41372287,-0.32531545,Jujur
442,-0.014846351,-0.15550788,-0.7188597,0.34848535,Jujur
443,-0.2949662,-0.20476285,-0.11448599,-0.9936354,Jujur
444,1.105633,-0.17914926,0.036376007,0.60616404,Jujur
445,0.8255132,1.3796116,1.8834186,2.3348467,Kartel
446,-0.014846351,-0.20025755,0.43587756,-0.7786708,Jujur
447,0.8255132,2.1886687,-0.98083633,0.12055612,Jujur
448,-0.2949662,-0.20544764,-0.7620677,0.9446941,Jujur
449,0.8255132,-0.15595046,-0.67416394,-0.45475835,Jujur
450,1.6658727,0.100398086,-0.5027357,-0.508887,Jujur
451,-0.85520583,-0.14289778,-0.6854031,-0.43624905,Jujur
452,0.54539335,-0.16335435,-0.08397632,-0.25041366,Jujur
453,0.26527348,-0.062272433,0.18240386,-0.80871207,Jujur
454,-0.014846351,-0.2082571,1.6125075,2.7146716,Kartel
455,-0.2949662,-0.20802616,-0.46742362,-0.7262627,Jujur
456,-1.1353257,-0.20089848,1.9614748,1.2050028,Kartel
457,0.26527348,-0.19989687,-0.52020013,-1.0350229,Jujur
458,-1.6955653,-0.14109102,-0.29024816,-1.3369734,Jujur
459,0.54539335,-0.20720437,-0.80057293,-1.1658338,Jujur
460,0.54539335,-0.20162663,-0.7342212,-0.7269971,Jujur
461,-1.4154456,0.39164814,2.6250129,1.6634827,Kartel
462,-0.2949662,0.91367096,-0.85768497,-0.89550304,Jujur
463,-1.1353257,-0.20550916,0.9388858,1.0438544,Kartel
464,0.26527348,-0.20642963,-0.6971164,-0.5202898,Jujur
465,-1.4154456,-0.20886612,-0.56955653,-0.5557089,Jujur
466,-1.1353257,-0.20901212,0.062806815,-0.8452021,Jujur
467,2.5062323,1.7724273,0.48330995,-0.29729572,Jujur
468,-0.85520583,-0.20538615,-0.13020459,-0.83556175,Jujur
469,-1.4154456,-0.19891725,-0.58483887,0.083049014,Jujur
470,-0.575086,-0.05456644,-0.38139814,0.044216756,Jujur
471,-1.4154456,-0.17671491,-0.82747847,-0.18211992,Jujur
472,-0.575086,-0.20242512,-0.40385658,-1.1911964,Jujur
473,-0.014846351,-0.17748187,-1.0722171,-0.4668885,Jujur
474,-0.2949662,-0.16750841,-0.28220215,-0.5207519,Jujur
475,-1.4154456,-0.19600317,0.48172578,-0.9371955,Jujur
476,0.26527348,-0.19649194,0.091961354,-0.1780459,Jujur
477,-0.575086,-0.1707583,-0.8493458,-0.605291,Jujur
478,-1.4154456,-0.15175635,2.6326423,1.7229146,Kartel
479,-1.1353257,-0.20322345,-0.91576105,-0.23197661,Jujur
480,0.54539335,2.419967,0.77551943,-0.85628444,Jujur
481,-0.014846351,-0.20512599,-0.6023914,-0.058887683,Jujur
482,-1.1353257,-0.17631376,1.1619768,-0.9397426,Jujur
483,-0.014846351,-0.1998449,-0.8251818,-1.1334608,Jujur
484,-0.575086,-0.20609064,-0.77799165,-0.6323327,Jujur
485,-1.6955653,-0.20552577,-0.17290325,-0.75791436,Jujur
486,-0.2949662,-0.11523006,-0.81389314,0.13201268,Jujur
487,-1.6955653,-0.07133706,-0.8515558,0.41686133,Jujur
488,1.3857528,-0.20663114,-0.59507674,0.23885417,Jujur
489,0.26527348,-0.13841613,0.019751212,0.02932179,Jujur
490,-0.575086,-0.18650694,-0.26679203,-0.4409107,Jujur
491,-0.2949662,-0.18833327,-0.98168653,-0.39998785,Jujur
492,-0.575086,-0.19710992,1.4482723,-0.475344,Jujur
493,-0.014846351,-0.18427059,0.78863406,2.5559113,Kartel
494,-0.575086,-0.19826704,-0.83778006,-0.55395937,Jujur
495,1.105633,-0.18763304,-0.41170067,-0.1565412,Jujur
496,1.3857528,-0.058773052,2.6998026,1.93571,Kartel
497,0.54539335,-0.17468777,-0.4821228,-0.6174086,Jujur
498,0.26527348,-0.20964691,-0.38895378,-1.169496,Jujur
499,1.3857528,-0.19553865,-1.1031172,-0.048792604,Jujur
500,-1.1353257,-0.20634477,-0.36440453,-0.8299813,Jujur
501,-0.014846351,-0.20093636,-0.6358631,-0.24996752,Jujur
502,2.2261124,-0.19364163,-0.25823972,-0.32838112,Jujur
503,-0.85520583,-0.19957757,2.180268,0.1592913,Kartel
504,-1.4154456,-0.14306891,0.2735723,0.06529115,Jujur
505,1.3857528,-0.19835156,-0.7466359,-0.99067485,Jujur
506,-1.9756852,-0.06527758,-0.72215223,-0.25747702,Jujur
507,0.8255132,-0.20289037,-0.822837,-1.0856001,Jujur
508,-1.6955653,-0.20061588,-0.25300896,0.2404807,Jujur
509,1.3857528,-0.20916575,2.296834,1.230206,Kartel
510,-0.575086,-0.1957532,2.9067051,2.3936517,Kartel
511,-0.2949662,-0.20839731,-0.04288477,0.0039319713,Jujur
512,1.9459925,-0.19968626,-0.67967594,-1.3976674,Jujur
513,1.9459925,-0.051690843,-0.3760754,0.81587255,Jujur
514,-0.014846351,-0.1945381,-0.51777506,-0.38431993,Jujur
515,1.105633,-0.19645882,-0.34954336,-0.78115547,Jujur
516,0.26527348,-0.20325436,-0.2741358,-0.9256257,Jujur
517,-0.575086,-0.20898242,-1.0066959,-0.13807417,Jujur
518,0.54539335,-0.20012827,-0.09377976,0.7532317,Jujur
519,0.8255132,-0.19778262,-0.5810701,-1.3391216,Jujur
520,1.105633,-0.20480272,-0.36522156,-0.16363001,Jujur
521,-0.575086,-0.20710589,0.27546558,-1.1249039,Jujur
522,-0.2949662,-0.006323905,-0.61695683,-0.2503671,Jujur
523,-0.85520583,-0.105379604,-0.94375163,0.3880875,Jujur
524,0.54539335,0.14206704,-0.48238978,-0.45374808,Jujur
525,-1.4154456,-0.17580459,-0.2561247,-0.62063766,Jujur
526,0.26527348,-0.19797814,-0.23271489,-1.3442268,Jujur
527,-0.2949662,-0.19311729,-0.59664,-0.2262495,Jujur
528,-0.85520583,0.16027755,-0.23849283,0.1579069,Jujur
529,-0.2949662,0.037783124,2.438194,1.4248543,Kartel
530,1.9459925,-0.20394294,2.3067837,1.1202499,Kartel
531,-0.014846351,-0.19869807,0.031148588,0.71229047,Jujur
532,-1.9756852,-0.15178052,-0.0073326887,-0.27950442,Jujur
533,1.6658727,-0.19084862,-0.54669297,-0.81719023,Jujur
534,1.105633,-0.17236874,-0.8287268,0.7318095,Jujur
535,1.105633,-0.10298818,-0.6978949,-0.6588997,Jujur
536,0.8255132,-0.13020197,-0.5855687,-0.31453168,Jujur
537,-1.4154456,-0.19260816,2.2670555,1.5658491,Kartel
538,0.26527348,-0.13588619,-0.6089906,-0.0035116756,Jujur
539,-0.014846351,-0.16023767,-0.311025,-0.51542455,Jujur
540,-2.8160448,-0.20952879,-0.911773,-0.43348378,Jujur
541,-1.1353257,-0.19329199,-0.003030555,-0.116903864,Jujur
542,1.105633,-0.20954062,-0.23183894,-0.20788915,Jujur
543,-0.2949662,-0.20251028,-0.35807064,-0.11042224,Jujur
544,-0.85520583,-0.20831423,-0.04064172,0.80301994,Jujur
545,0.26527348,-0.12318841,2.2262976,1.1180168,Kartel
546,-0.2949662,-0.20228279,2.7666185,1.7529563,Kartel
547,-0.85520583,-0.1992018,-0.4946961,-0.06770403,Jujur
548,-0.2949662,-0.196981,0.21964486,-0.3872952,Jujur
549,0.26527348,-0.19842882,-0.8599271,0.2872861,Jujur
550,-0.2949662,-0.18280064,-0.6330365,-0.5819633,Jujur
551,1.105633,0.051717225,-0.6040068,-0.16411021,Jujur
552,2.2261124,-0.13433841,-0.45678204,-0.7765553,Jujur
553,1.3857528,-0.06411062,-0.9281697,-0.5005451,Jujur
554,-0.014846351,0.13159488,-0.031222623,0.22835352,Jujur
555,-0.85520583,-0.20827581,-0.36346948,-0.516066,Jujur
556,-1.4154456,-0.20423731,0.3358302,-0.41412562,Jujur
557,-1.1353257,-0.20147428,-0.3657786,0.23825853,Jujur
558,-1.4154456,-0.19390145,0.96028006,-0.71014047,Jujur
559,1.3857528,-0.1540668,-0.7540822,0.20104836,Jujur
560,0.26527348,-0.18782744,-0.61642283,-0.13463461,Jujur
561,-0.85520583,-0.20167863,-0.0027248738,0.73396665,Jujur
562,-0.014846351,-0.20309144,3.231365,2.2721434,Kartel
563,0.26527348,-0.20048015,2.526975,1.9135945,Kartel
564,-0.575086,-0.1935778,-0.16592006,-0.12964277,Jujur
565,-0.2949662,-0.16685498,-0.271709,-0.7812269,Jujur
566,-0.575086,-0.104662985,-0.8604803,-0.95021564,Jujur
567,1.3857528,0.70821816,-0.8871287,-1.2775246,Jujur
568,1.105633,-0.18265638,1.9897603,2.7436392,Kartel
569,1.3857528,-0.20880677,-0.85599303,0.12567681,Jujur
570,-0.014846351,-0.20885336,-0.25867155,0.3925636,Jujur
571,0.8255132,-0.15895233,0.09748132,0.29032612,Jujur
572,1.9459925,-0.011535939,0.0579745,-0.8905939,Jujur
573,-0.2949662,0.08484802,-0.94196784,-0.9447946,Jujur
574,1.9459925,-0.19132546,-0.49449894,-0.889546,Jujur
575,1.105633,-0.10085526,-0.60960746,-0.04231651,Jujur
576,0.8255132,-0.20892613,-0.63699937,-1.3727214,Jujur
577,0.8255132,-0.07640861,0.9133563,1.6916798,Kartel
578,-0.85520583,-0.123613164,-0.06578265,-0.24948183,Jujur
579,0.26527348,-0.20847511,-0.06138687,-0.40678436,Jujur
580,1.105633,-0.20276903,-0.6818364,-0.42056516,Jujur
581,1.9459925,-0.20825642,1.9026233,0.8185704,Kartel
582,-0.014846351,-0.18639527,-0.92756206,-0.37834278,Jujur
583,-0.85520583,0.5272013,-0.5398954,-0.53759086,Jujur
584,-0.2949662,-0.0522958,2.5316968,1.286973,Kartel
585,-0.85520583,-0.10143879,0.27870142,0.028604152,Jujur
586,-0.014846351,-0.14748701,2.418791,2.7544925,Kartel
587,-0.2949662,-0.1894914,-0.5647534,-0.33914316,Jujur
588,1.9459925,-0.05684465,-0.011156143,0.41470915,Jujur
589,-1.4154456,-0.20327626,-0.94944364,0.25300047,Jujur
590,-1.4154456,-0.13812256,-0.9402349,0.39940345,Jujur
591,0.26527348,-0.11416904,-0.7888908,0.3660207,Jujur
592,-0.85520583,-0.03842754,0.79086107,-0.13102609,Jujur
593,-0.2949662,-0.20851322,-0.7534468,-0.8073591,Jujur
594,-1.6955653,-0.10960138,-0.7943314,0.4452171,Jujur
595,-0.575086,0.13953966,-0.72812027,-0.8217176,Jujur
596,-0.2949662,-0.14507967,0.32635432,-0.4741388,Jujur
597,1.6658727,-0.17263977,-0.8549361,0.41712615,Jujur
598,-1.4154456,-0.19212076,0.056294456,-0.6350673,Jujur
599,-1.4154456,-0.19281204,-0.60513365,-0.6617676,Jujur
600,0.8255132,-0.16782723,-0.38929638,-0.46485525,Jujur
601,1.105633,-0.18965161,0.38376182,1.8091345,Kartel
602,0.26527348,-0.20848162,1.0747142,-0.3814189,Jujur
603,-0.014846351,-0.18908519,-0.8373023,-0.27662343,Jujur
604,0.26527348,0.036141645,-0.34244123,0.53127253,Jujur
605,1.9459925,-0.20783167,-0.69196355,-0.48099086,Jujur
606,2.786352,-0.19463986,-0.39726925,-0.7363138,Jujur
607,-0.2949662,-0.20640275,-0.7008246,-1.1170341,Jujur
608,-0.85520583,0.17539008,0.17254572,-0.68524396,Jujur
609,-0.014846351,-0.20691758,-0.5683795,-0.9389966,Jujur
610,-1.4154456,0.7385386,-0.902184,-0.89613545,Jujur
611,-0.014846351,-0.1692535,-0.8044944,-0.25660512,Jujur
612,-0.575086,-0.20822103,-0.22329198,-1.0165613,Jujur
613,-0.85520583,0.1370417,-0.33488345,-0.22884345,Jujur
614,-0.575086,0.10589166,-0.1477983,-0.18267696,Jujur
615,-0.85520583,-0.20588002,3.1713085,0.762388,Kartel
616,-0.2949662,-0.18698804,-0.23993653,-0.73084617,Jujur
617,-0.014846351,0.15857819,2.709586,1.5989796,Kartel
618,-0.85520583,-0.20910092,-0.17732011,-0.05189267,Jujur
619,-0.014846351,0.11953554,-0.07159138,-0.41410264,Jujur
620,-0.014846351,-0.20619674,-0.80915844,0.08362708,Jujur
621,0.26527348,0.22277607,2.0717707,1.8862633,Kartel
622,-0.85520583,0.00744841,0.05875153,-0.532297,Jujur
623,0.8255132,-0.20285162,2.3680243,2.5391543,Kartel
624,1.105633,-0.18371664,-0.031475004,-0.571009,Jujur
625,0.54539335,-0.20717348,-0.7123527,-0.51440257,Jujur
626,0.26527348,-0.024629744,0.34946436,-0.61048096,Jujur
627,-0.85520583,-0.13051644,0.5387038,-0.5110762,Jujur
628,0.54539335,-0.20146605,-0.87368745,-1.0487435,Jujur
629,0.54539335,-0.19573927,-0.8967596,-0.07752796,Jujur
630,-1.4154456,-0.20586772,1.9812587,2.3947663,Kartel
631,1.6658727,-0.19756554,-0.25742787,-0.03672458,Jujur
632,-0.014846351,-0.08356244,-0.63547575,-1.0725214,Jujur
633,0.26527348,-0.20588334,0.088303305,0.937373,Jujur
634,1.105633,-0.17179087,2.7381124,2.4897678,Kartel
635,-0.014846351,-0.20897712,-0.5122325,-0.4960566,Jujur
636,-0.85520583,-0.09052031,-0.13262403,-0.76437074,Jujur
637,-1.1353257,-0.20844184,-0.8969647,-1.332259,Jujur
638,1.3857528,0.49429503,-0.45970458,-0.5794187,Jujur
639,1.105633,-0.16531138,0.2066608,-0.6872241,Jujur
640,0.8255132,-0.11903733,-0.5697889,-1.3625605,Jujur
641,-0.014846351,-0.20938227,2.583936,2.1174405,Kartel
642,-0.014846351,-0.19998014,-0.29009834,-0.80150175,Jujur
643,1.3857528,-0.12923077,-0.8247943,0.20997742,Jujur
644,-1.4154456,-0.1689198,1.8571249,2.6517603,Kartel
645,-0.85520583,-0.15530506,-0.3808072,-1.0453409,Jujur
646,-1.6955653,-0.19087662,1.7186309,1.8787446,Kartel
647,0.8255132,-0.19341524,1.3037462,2.5884702,Kartel
648,-1.1353257,-0.13419455,2.6087506,2.7071664,Kartel
649,0.26527348,0.6197531,-0.46527734,-1.1345227,Jujur
650,1.105633,-0.18819651,-1.0153415,-0.3052742,Jujur
651,-0.014846351,-0.10683113,-1.0850922,-1.4092623,Jujur
652,-0.575086,-0.20796359,-0.14300506,-0.5379304,Jujur
653,1.3857528,-0.17719866,-0.049126334,-0.10657258,Jujur
654,0.26527348,-0.20920795,-0.40459532,-0.084205545,Jujur
655,-0.2949662,-0.10408649,-0.4471741,-0.49668685,Jujur
656,-1.1353257,-0.13962027,-0.4822684,-0.79646945,Jujur
657,-1.4154456,1.2814269,-0.24452962,-0.82392305,Jujur
658,-0.014846351,0.09342948,-0.020875301,-0.2278292,Jujur
659,1.3857528,-0.2070633,-0.45028248,-0.38182542,Jujur
660,0.54539335,-0.13958988,1.3116151,0.37282902,Jujur
661,1.3857528,-0.1682843,2.378009,1.6558722,Kartel
662,-1.9756852,3.0051289,-0.25272286,-1.2080069,Jujur
663,-0.575086,-0.2087433,0.09780376,-0.37834665,Jujur
664,-0.2949662,-0.19104184,-0.21139818,-1.1720635,Jujur
665,-0.575086,-0.2043699,-0.30231214,-0.05839719,Jujur
666,-0.2949662,-0.15016086,-0.92082053,-0.035873324,Jujur
667,-0.575086,-0.13577215,2.4940279,1.9648015,Kartel
668,1.6658727,-0.19225128,2.6485302,1.327901,Kartel
669,-0.014846351,-0.2095704,-0.33649316,0.041097973,Jujur
670,0.54539335,-0.19673483,0.23720291,-1.266272,Jujur
671,-0.85520583,-0.19785623,0.13743679,-1.0643239,Jujur
672,-0.2949662,-0.12764093,-1.0370047,0.4998345,Jujur
673,-0.85520583,0.00276427,-0.1968298,-0.16938165,Jujur
674,2.786352,-0.17788815,1.6519494,1.7316802,Kartel
675,1.3857528,-0.11917781,-0.22416703,0.056605205,Jujur
676,0.8255132,-0.20949388,-0.5872474,-0.5679961,Jujur
677,0.54539335,-0.2036107,-0.33292058,0.11483142,Jujur
678,-1.4154456,-0.20741688,0.8248633,-0.26558554,Jujur
679,-1.1353257,-0.20727128,-0.32590106,-0.71091986,Jujur
680,-0.014846351,-0.19910392,-0.46132153,0.44646987,Jujur
681,-0.575086,-0.20093851,-0.51940674,-0.5005543,Jujur
682,-0.575086,-0.20903222,-0.20352255,-0.92602146,Jujur
683,-0.85520583,-0.15752336,0.16531564,-0.2946312,Jujur
684,0.54539335,-0.12851591,-0.9160443,0.30537006,Jujur
685,1.3857528,-0.16942373,-0.52310187,-1.1029104,Jujur
686,-0.014846351,-0.09675597,-0.49333996,0.053876758,Jujur
687,-1.1353257,0.25321984,-0.03695256,-0.36236903,Jujur
688,0.26527348,0.42959276,0.4603501,-0.76544017,Jujur
689,-0.2949662,-0.18684058,-0.22372574,-1.1691456,Jujur
690,-1.1353257,-0.19383614,-0.84068227,0.11319255,Jujur
691,-1.1353257,0.39044398,2.0346694,1.6362914,Kartel
692,-0.575086,-0.2024266,-0.21229373,0.8510373,Jujur
693,0.54539335,-0.19613595,0.1296781,-0.31405377,Jujur
694,1.3857528,-0.190255,2.7970297,1.8621298,Kartel
695,0.8255132,-0.20155399,-0.5977111,0.09766714,Jujur
696,1.6658727,1.8734993,-0.32211396,0.02536834,Jujur
697,-0.575086,0.50163275,-0.048270002,1.2376333,Jujur
698,-0.2949662,-0.1653144,-0.26940325,0.035584997,Jujur
699,1.6658727,-0.1764588,-0.8404674,-0.27763218,Jujur
700,0.54539335,-0.19859965,-0.5714503,-0.123570204,Jujur
701,0.8255132,-0.18191065,0.28026646,-0.72519726,Jujur
702,0.26527348,0.11998685,0.6921307,0.24260895,Jujur
703,1.105633,-0.1745099,-0.8301109,0.38860422,Jujur
704,1.105633,-0.19970135,-0.78077835,0.28441232,Jujur
705,0.54539335,-0.20823385,0.004052893,-0.30218366,Jujur
706,-0.85520583,-0.04317276,2.5256128,1.6466432,Kartel
707,-1.4154456,-0.20816629,-0.87293965,0.8839766,Jujur
708,-1.4154456,-0.18464325,-0.39003155,-0.70588064,Jujur
709,-1.9756852,-0.16694497,0.35023242,0.3440027,Jujur
710,-0.575086,0.20269649,-1.0447375,-1.130609,Jujur
711,0.54539335,-0.07463957,-0.11687057,-0.5675706,Jujur
712,-0.575086,-0.19998251,-0.67816716,0.41351077,Jujur
713,-0.575086,-0.20759034,-0.5338742,-0.5569185,Jujur
714,2.2261124,-0.20093155,0.076988086,-0.09404866,Jujur
715,0.54539335,-0.08892411,-0.76800513,-0.44213587,Jujur
716,1.105633,-0.07776656,-1.1169299,-0.909529,Jujur
717,-0.014846351,-0.208535,-0.5665768,-1.0980796,Jujur
718,-1.1353257,-0.2095417,-0.6910012,-1.0395412,Jujur
719,0.8255132,-0.16379857,-0.6822482,0.24882583,Jujur
720,-0.014846351,0.48372126,-0.5078053,-0.990752,Jujur
721,0.54539335,-0.1901491,0.27431786,-0.8502119,Jujur
722,-1.1353257,-0.20939057,-0.37509385,0.79154104,Jujur
723,1.105633,-0.19354926,-0.8546939,-0.49074495,Jujur
724,-0.014846351,-0.19590089,0.54874414,0.5524653,Jujur
725,0.54539335,-0.20061766,-1.0659137,-0.5289003,Jujur
726,-0.014846351,-0.20712857,-0.741245,-0.633853,Jujur
727,-0.014846351,-0.19397232,0.5603174,-0.21793514,Jujur
728,-1.1353257,-0.19106577,2.3006208,0.59316385,Kartel
729,-0.2949662,-0.18676126,0.20727049,-0.3850428,Jujur
730,0.26527348,-0.20840494,0.4404376,0.004214679,Jujur
731,-1.1353257,-0.18880005,-0.6052604,-1.1344544,Jujur
732,0.8255132,-0.2079396,2.67993,1.8223794,Kartel
733,-0.014846351,1.9198412,0.04570974,-0.7347382,Jujur
734,0.26527348,-0.19759884,-1.0478473,-0.79519147,Jujur
735,-0.85520583,-0.20822427,0.86160433,-0.39716214,Jujur
736,1.6658727,-0.11406638,-0.6767969,-0.04864011,Jujur
737,0.8255132,-0.20747072,0.1180912,0.59386986,Jujur
738,0.26527348,-0.2012783,0.07270246,-0.17538132,Jujur
739,-1.4154456,0.2748038,-0.31611228,-0.43712172,Jujur
740,-0.575086,-0.20624849,1.8197328,0.9915408,Kartel
741,-0.014846351,0.13225368,-0.3998938,-0.5735045,Jujur
742,-0.85520583,0.8391993,-0.45219976,-1.3067163,Jujur
743,1.3857528,-0.18951459,-0.8359507,-0.9411167,Jujur
744,-1.6955653,-0.16489701,0.09234967,-0.34226814,Jujur
745,1.9459925,-0.2011313,0.20993052,-0.25163963,Jujur
746,-0.575086,-0.19531494,-0.49272314,0.55832785,Jujur
747,-0.014846351,-0.17792284,-0.6455008,-0.7871385,Jujur
748,0.54539335,0.032329768,-0.36677518,0.16810991,Jujur
749,0.26527348,-0.102270275,-0.4244184,0.045463946,Jujur
750,-0.014846351,-0.19977699,-0.55789334,0.5155803,Jujur
751,1.9459925,-0.120019995,2.0847483,1.5129421,Kartel
752,-1.6955653,-0.20011699,-0.32819623,0.04939643,Jujur
753,-0.014846351,-0.19671954,-0.53361547,0.63258433,Jujur
754,-1.4154456,-0.11779309,-1.0076184,0.05816296,Jujur
755,0.26527348,-0.20901166,-0.8378872,-0.7486806,Jujur
756,-0.014846351,-0.1885866,-0.6166124,-0.4095007,Jujur
757,1.105633,-0.18182267,2.8154414,2.4769366,Kartel
758,-0.575086,-0.20840876,2.5856946,2.452965,Kartel
759,0.26527348,-0.19804263,-0.22224051,0.12524478,Jujur
760,1.105633,-0.19588934,0.068648696,-0.006487675,Jujur
761,-0.2949662,0.15031087,0.59335494,0.25306097,Jujur
762,-0.2949662,-0.07086082,-0.8431026,-0.22758462,Jujur
763,-0.85520583,-0.11677664,0.49582106,1.451733,Kartel
764,-0.575086,-0.190656,-0.6709451,-0.5122449,Jujur
765,-0.575086,-0.20778152,0.4337423,-0.01689097,Jujur
766,-0.014846351,-0.1958001,-0.592057,-0.5893915,Jujur
767,0.54539335,0.0123385545,-0.6961542,-1.2318317,Jujur
768,-0.014846351,0.94626427,-0.63981205,-0.884369,Jujur
769,-0.85520583,-0.19607824,2.095065,2.0566502,Kartel
770,1.105633,-0.20927517,-0.85175246,-1.115084,Jujur
771,0.54539335,-0.20683822,-0.6614888,-0.9573223,Jujur
772,-1.4154456,-0.20958978,-0.63046324,-0.94655716,Jujur
773,-1.1353257,-0.20332061,-0.76518357,0.65321434,Jujur
774,-0.2949662,-0.20502125,2.0996416,1.8489922,Kartel
775,0.26527348,-0.20952733,-0.7768026,1.4772152,Jujur
776,-1.4154456,0.028399883,2.8391733,1.5363417,Kartel
777,3.3465917,-0.20626736,0.03501512,-0.36936843,Jujur
778,-1.1353257,-0.2059339,-0.74193454,0.30969214,Jujur
779,-0.2949662,-0.20547032,1.5488367,1.986915,Kartel
780,-0.2949662,-0.19965094,-0.75048465,-1.312814,Jujur
781,-1.4154456,-0.17888047,-0.43212813,-0.4507819,Jujur
782,-0.575086,0.65724957,2.0728645,1.6311853,Kartel
783,-1.9756852,-0.0048627174,-0.24460155,0.21839415,Jujur
784,-0.575086,-0.20696616,-0.5303222,-1.0948305,Jujur
785,-0.575086,-0.20635483,-0.1942204,-0.12493382,Jujur
786,2.2261124,-0.17607866,-0.61365795,-0.060959134,Jujur
787,1.105633,-0.1900764,-0.5550486,-1.1149181,Jujur
788,0.8255132,-0.06923653,2.450789,2.2223127,Kartel
789,-0.2949662,-0.08040082,-0.9555281,-1.0638765,Jujur
790,0.8255132,-0.10511711,-0.86116105,0.16457471,Jujur
791,1.105633,3.7722135,2.319204,2.5243254,Kartel
792,-0.2949662,-0.2083109,-0.3086998,0.094688304,Jujur
793,0.8255132,-0.20960203,0.2950539,-0.272144,Jujur
794,-1.1353257,-0.2087098,-0.78414667,-0.7438325,Jujur
795,-1.4154456,-0.20783235,0.076524936,-1.1750661,Jujur
796,-0.575086,-0.2051836,-0.67199755,0.49965194,Jujur
797,-0.575086,0.11532499,-0.44732115,-0.4799134,Jujur
798,-0.014846351,0.075518005,0.019291634,-0.4826241,Jujur
799,-0.575086,-0.20669343,-0.77659124,-0.58275414,Jujur
800,-0.575086,-0.19143197,-0.29041258,0.1294336,Jujur
801,1.3857528,-0.1337833,1.3276153,2.5018744,Kartel
802,-1.6955653,-0.15230969,1.2823426,-1.1860585,Jujur
803,-0.014846351,0.018835688,-0.5704882,0.15810814,Jujur
804,-0.575086,-0.10243476,0.021536704,-1.0800871,Jujur
805,1.6658727,-0.1730091,-0.4413379,-1.0897889,Jujur
806,-0.2949662,-0.115154095,-0.082164615,-1.0975763,Jujur
807,0.26527348,-0.20315753,0.04755626,0.8213384,Jujur
808,-0.575086,0.028288541,-0.30143833,-0.18125117,Jujur
809,-0.014846351,-0.16191664,-0.24831021,0.21465054,Jujur
810,1.105633,0.7860621,-0.006150604,-0.90673095,Jujur
811,0.8255132,-0.19815512,-0.5033594,-1.0231395,Jujur
812,0.26527348,-0.18439116,1.6531227,2.5014706,Kartel
813,-0.014846351,-0.1748165,-0.29132095,-1.2216642,Jujur
814,-0.85520583,-0.20683834,-0.15542357,0.9632504,Jujur
815,-0.85520583,0.0069907964,-0.0937612,-0.22854505,Jujur
816,1.105633,-0.20703675,-0.47466624,-0.521507,Jujur
817,-0.85520583,-0.09070328,-0.4757421,-0.41261777,Jujur
818,-0.014846351,0.22585535,0.8728893,2.0436,Kartel
819,-1.1353257,0.8164334,-0.9066669,0.4183305,Jujur
820,-0.014846351,-0.13736108,-0.7767749,-0.17466067,Jujur
821,-1.6955653,-0.18854848,0.46966213,2.8217444,Kartel
822,1.9459925,-0.20856129,-0.5149131,1.3386533,Jujur
823,1.105633,-0.16708253,-0.605344,-0.2791472,Jujur
824,-0.85520583,-0.19010551,0.07267535,-0.9771568,Jujur
825,-0.575086,-0.1963569,2.1203027,1.1454818,Kartel
826,1.105633,-0.07217781,-0.5309549,-0.6277232,Jujur
827,0.26527348,-0.17807825,-0.63994956,-0.72173285,Jujur
828,-1.1353257,-0.14659524,-0.9168851,-1.0311772,Jujur
829,-1.1353257,-0.18735434,0.19199042,-0.54583454,Jujur
830,1.9459925,-0.20701264,0.10312317,-1.0939358,Jujur
831,-0.575086,-0.03588039,2.4866064,2.4758046,Kartel
832,-1.4154456,-0.17834249,-0.330743,-0.46946025,Jujur
833,-0.014846351,-0.19247086,-0.43950725,-0.96888655,Jujur
834,0.54539335,-0.077341035,-0.38142812,-0.81958336,Jujur
835,-0.2949662,-0.17453097,-0.46726948,-0.83273673,Jujur
836,-0.014846351,0.020547573,-0.27367353,-0.4863711,Jujur
837,1.3857528,0.11749539,-0.60744107,-1.0365044,Jujur
838,-0.85520583,0.24483384,-0.14487426,-0.09921923,Jujur
839,0.54539335,-0.16447996,-0.6217649,-0.11131228,Jujur
840,1.3857528,-0.20197783,-0.8370792,-0.8782531,Jujur
841,0.8255132,-0.2045643,-0.7592732,0.21373568,Jujur
842,0.8255132,-0.19480027,1.226893,-0.9766395,Jujur
843,-0.575086,-0.20912234,-0.60176486,-0.8349333,Jujur
844,-0.575086,-0.15763475,-0.5484247,-0.08173382,Jujur
845,-1.1353257,-0.19900186,-0.72852546,-0.43147126,Jujur
846,-1.4154456,-0.07278112,0.44745433,0.19643538,Jujur
847,-0.575086,-0.15705521,2.067502,1.4208164,Kartel
848,-0.014846351,-0.20838363,-0.66458416,-1.2041229,Jujur
849,-0.575086,-0.20829947,0.04856485,-0.67258364,Jujur
850,-0.014846351,-0.19031464,-0.7725654,-0.68713427,Jujur
851,-0.575086,-0.20225897,-0.73829377,0.05908158,Jujur
852,-0.575086,0.5300673,1.8111297,1.8140091,Kartel
853,0.54539335,-0.1995566,1.0732439,2.315989,Kartel
854,1.3857528,-0.2073666,2.7052355,2.1969953,Kartel
855,1.9459925,-0.17897548,-0.43713713,-0.99311465,Jujur
856,-1.6955653,-0.078383155,-0.8946266,-1.0528622,Jujur
857,-0.85520583,-0.15334156,0.7730901,-0.5082609,Jujur
858,-0.014846351,-0.19792697,0.9325317,1.7446877,Kartel
859,-1.4154456,0.450459,0.24401417,-0.023780817,Jujur
860,0.54539335,-0.009822597,-0.5360003,0.17825627,Jujur
861,0.26527348,0.51690686,-0.79376364,1.2284318,Jujur
862,-0.2949662,-0.20562148,0.45670506,-0.91910696,Jujur
863,0.54539335,-0.20963976,2.457408,2.217356,Kartel
864,1.3857528,-0.1486418,-0.06689991,-1.1478636,Jujur
865,-1.4154456,-0.20739917,1.5271183,1.7312454,Kartel
866,1.3857528,-0.19970548,-0.25366104,0.5743293,Jujur
867,-0.2949662,-0.20786092,2.4976912,1.668725,Kartel
868,-0.014846351,-0.20961896,-0.5601722,-1.1229342,Jujur
869,-0.014846351,-0.20477213,0.1176859,0.563448,Jujur
870,-0.014846351,5.8248305,-0.40070456,-0.8882919,Jujur
871,1.6658727,-0.1709003,-0.8908173,-0.984343,Jujur
872,0.26527348,-0.19950375,-0.70422053,-0.48218516,Jujur
873,-0.014846351,-0.20890146,0.40147367,0.57883495,Jujur
874,1.105633,0.5017182,-0.35747504,-0.31669858,Jujur
875,-0.2949662,0.025499752,-0.6656744,-0.22810635,Jujur
876,0.26527348,-0.19160363,1.8786153,1.9699901,Kartel
877,0.8255132,-0.18522009,-1.0044979,-0.47205123,Jujur
878,0.26527348,-0.20552,-0.8118374,-0.5511542,Jujur
879,-1.1353257,-0.20458339,-1.0399913,0.50084025,Jujur
880,0.8255132,-0.1870468,-0.84435505,-0.4604298,Jujur
881,0.8255132,0.016210873,-0.9160448,-0.43268752,Jujur
882,-0.85520583,-0.2054628,-0.8620895,0.6159291,Jujur
883,0.54539335,0.060217094,0.50675917,-0.51568043,Jujur
884,-1.1353257,-0.022576347,-0.2289896,0.36028126,Jujur
885,-0.2949662,0.089888945,-0.54197675,-0.15760505,Jujur
886,-1.4154456,-0.20140406,-0.7899397,0.3774723,Jujur
887,0.26527348,-0.20364514,-0.020352772,-0.24950819,Jujur
888,-0.014846351,-0.17861113,-1.0278662,-0.71445495,Jujur
889,-1.4154456,-0.18489718,-0.33990157,-0.32249382,Jujur
890,-0.575086,0.7927818,-0.416894,0.07916921,Jujur
891,-0.014846351,-0.20966484,-0.5262699,-0.36032745,Jujur
892,0.26527348,-0.18334152,-0.9623681,-0.74791074,Jujur
893,-1.1353257,-0.19386165,0.20266427,-0.74705666,Jujur
894,-1.1353257,0.018195722,-0.5074839,0.060140036,Jujur
895,0.54539335,-0.20156579,-0.67307824,-0.3455255,Jujur
896,0.8255132,-0.026208878,-0.7798131,-1.1620528,Jujur
897,-1.6955653,-0.12627727,-0.70529956,1.0832548,Jujur
898,-0.2949662,3.612377,0.04536862,-0.7839267,Jujur
899,-0.85520583,-0.18853049,2.3609173,2.726459,Kartel
900,-0.85520583,-0.1958855,-0.9037579,-0.36684024,Jujur
901,1.9459925,-0.20672809,-0.068549044,-0.19976735,Jujur
902,0.26527348,-0.20379631,-1.0711612,-0.61858624,Jujur
903,-0.2949662,-0.18598352,0.17149192,0.2903772,Jujur
904,-0.575086,0.0195476,-0.6361676,-0.39760098,Jujur
905,-0.2949662,-0.20727354,-1.0010327,-0.21073097,Jujur
906,0.8255132,-0.100075215,-0.4160947,0.24960238,Jujur
907,0.54539335,1.6484101,-0.9497386,-1.0173903,Jujur
908,0.54539335,-0.20558277,-0.8819862,-0.29354948,Jujur
909,-0.85520583,-0.20902391,-0.95448977,-0.4291065,Jujur
910,-0.2949662,-0.20460816,-0.32255673,-0.34176174,Jujur
911,0.26527348,-0.20633991,-0.8125794,0.14046502,Jujur
912,-0.2949662,-0.20664598,1.7459911,1.242702,Kartel
913,1.6658727,-0.09288336,-0.09503362,0.24729793,Jujur
914,-0.014846351,-0.20089509,1.5163746,2.474135,Kartel
915,1.6658727,-0.14907081,-0.4597987,0.25855935,Jujur
916,-0.014846351,-0.20698406,-0.49712372,0.030758737,Jujur
917,-0.2949662,-0.20790869,-0.34038854,-0.72474533,Jujur
918,0.54539335,-0.19377407,-0.60337394,-0.050065756,Jujur
919,0.26527348,-0.20964544,-0.45064646,-0.1719235,Jujur
920,-0.014846351,0.09210481,2.4311323,2.6508589,Kartel
921,-0.575086,-0.20772958,0.7596354,-0.9539219,Jujur
922,0.26527348,-0.07936866,0.17058553,0.2777335,Jujur
923,0.8255132,-0.09255977,0.68994135,-0.60927427,Jujur
924,-0.2949662,-0.15197225,0.08345658,1.1076527,Jujur
925,-0.2949662,-0.20908847,0.11848739,-0.818494,Jujur
926,0.26527348,-0.13031708,-0.56977046,0.06745116,Jujur
927,-1.4154456,-0.19617848,-0.7905455,-0.10078263,Jujur
928,-0.85520583,-0.20603943,-0.6588107,-0.72355586,Jujur
929,0.8255132,-0.20962888,-0.76170176,0.0034906135,Jujur
930,-0.2949662,-0.101525635,-0.54504097,0.75424516,Jujur
931,0.26527348,-0.20961952,0.24215947,1.0671327,Jujur
932,0.8255132,-0.20854613,-0.2951505,0.10033552,Jujur
933,1.6658727,-0.018057065,-0.5452366,-0.8332701,Jujur
934,-0.85520583,-0.1909236,-0.6654815,-0.5633696,Jujur
935,-0.014846351,-0.14381996,0.2163948,0.8824895,Jujur
936,-1.1353257,-0.20574372,-0.19857454,-0.6592718,Jujur
937,-1.4154456,-0.20715353,2.6315138,1.8913897,Kartel
938,1.9459925,-0.096722394,2.4844394,2.6156774,Kartel
939,-1.4154456,-0.16622607,0.3544525,0.3880073,Jujur
940,-0.575086,-0.17856285,-0.41281292,-0.5860946,Jujur
941,0.26527348,-0.18496183,-0.81746435,-0.91637075,Jujur
942,-0.575086,-0.1985194,-0.8749965,-1.0916317,Jujur
943,-1.1353257,-0.105483755,0.4168262,-0.2279129,Jujur
944,-1.1353257,-0.18680546,-0.38519505,-0.16843078,Jujur
945,-1.4154456,-0.19813184,-0.5704899,-0.32429773,Jujur
946,3.6267116,-0.19207612,-0.09460022,-0.5223668,Jujur
947,1.3857528,-0.07277302,0.6360396,-0.78956044,Jujur
948,-0.575086,2.1419058,-1.0636005,0.081078336,Jujur
949,0.8255132,-0.102657154,0.40681225,-0.1263209,Jujur
950,-1.4154456,0.015451999,-0.27237603,-0.1956689,Jujur
951,0.8255132,-0.121240586,-1.0045762,-0.61049736,Jujur
952,-0.575086,-0.05733127,0.15096903,0.6181228,Jujur
953,-0.2949662,-0.1964467,-0.3521233,1.2011585,Jujur
954,-0.85520583,4.0789585,-0.20137833,-0.4940559,Jujur
955,-0.2949662,4.489463,-0.7908347,0.82396126,Jujur
956,0.54539335,-0.2073316,-0.054504856,-1.2842928,Jujur
957,-0.014846351,0.1467344,-0.9692709,-0.7601591,Jujur
958,-0.575086,0.006227729,2.221152,2.6164439,Kartel
959,0.54539335,-0.13572168,-0.2603574,0.008703747,Jujur
960,1.3857528,-0.20583358,-0.6284885,-0.21141276,Jujur
961,0.26527348,-0.13591833,-0.5821316,0.08334045,Jujur
962,-0.014846351,-0.18992896,-0.22594295,-0.037370954,Jujur
963,0.54539335,-0.20862556,-0.058799446,-0.04494265,Jujur
964,0.26527348,-0.20300853,-0.2637175,-0.38582185,Jujur
965,0.8255132,0.069112375,-0.4462267,0.14925683,Jujur
966,0.8255132,-0.20834272,0.572119,-0.29845327,Jujur
967,-0.014846351,-0.2070131,-0.47476417,-1.0994807,Jujur
968,2.2261124,-0.19335252,-0.5650088,-0.1046447,Jujur
969,-0.575086,-0.20848575,2.6156747,1.6681651,Kartel
970,-1.1353257,-0.1669785,-0.95123696,-0.2498496,Jujur
971,-1.1353257,-0.14196455,-0.14366966,-1.1080995,Jujur
972,-0.85520583,-0.18561733,-0.3924204,0.7167342,Jujur
973,1.3857528,-0.19833024,-0.066856496,-1.2874513,Jujur
974,-1.1353257,-0.20304944,-0.3444443,0.5666234,Jujur
975,-1.6955653,-0.20950879,0.8670707,-0.18569343,Jujur
976,-0.85520583,-0.18494828,2.4903903,2.0748332,Kartel
977,0.54539335,-0.20654424,1.6800902,1.899007,Kartel
978,0.8255132,-0.14539391,0.5620703,-0.9707286,Jujur
979,0.54539335,-0.12840807,-0.06750883,-0.9317377,Jujur
980,0.54539335,-0.09375759,2.1149704,1.8925214,Kartel
981,0.26527348,-0.10530997,0.9690145,-0.51470166,Jujur
982,-1.1353257,-0.20953834,0.15412511,-1.027808,Jujur
983,1.3857528,-0.12968443,-0.4141389,-1.0439453,Jujur
984,0.54539335,-0.18922621,-0.7571837,-0.27748877,Jujur
985,-1.4154456,-0.17837784,-0.35848245,-0.4851915,Jujur
986,-0.2949662,-0.1947323,-0.44355577,-0.7462577,Jujur
987,-1.4154456,-0.1948444,-0.53461546,-0.700901,Jujur
988,0.54539335,-0.13680586,0.14691481,-0.3938489,Jujur
989,-0.85520583,1.1740357,-0.88139325,-0.4213914,Jujur
990,-0.2949662,-0.18179427,-0.0481096,-0.50575346,Jujur
991,-0.2949662,0.029099477,-0.165373,0.17302324,Jujur
992,0.26527348,0.04214987,2.361294,2.4266427,Kartel
993,-0.2949662,-0.1262967,-0.07056288,-0.825536,Jujur
994,0.26527348,-0.11376479,-0.7383603,-0.13752837,Jujur
995,1.3857528,-0.20874773,1.8143884,1.4592965,Kartel
996,1.9459925,-0.20930497,2.872597,2.1759212,Kartel
997,-1.1353257,-0.20113204,-0.6541068,0.5677349,Jujur
998,-0.014846351,-0.20924765,-0.88650537,0.040972635,Jujur
999,-0.014846351,-0.19952677,-0.41474277,-1.0659041,Jujur
